term,Ready to learn,Contribution in class ,Perserverance,Use feedback,Respect,completes,GPA
1,3.83,3.83,4,4,4,4,3.943333333
2,4,4,3.83,4,4,4,3.971666667
3,4,3.83,4,4,4,3.83,3.943333333
4,4,3.83,4,4,4,4,3.971666667
5,4,3.7,3.7,3.85,4,3.41,3.776666667
6,4,3.7,3.85,3.7,4,3.7,3.825
7,4,3.83,3.85,3.85,4,3.7,3.871666667
8,4,3.85,4,3.85,4,3.85,3.925